label,Filename
1,S44-VFb-254.txt
1,S44-VFb-255.txt
1,S44-VFb-256.txt
1,S44-VFb-257.txt
1,S44-VFb-258.txt
1,S44-VFb-259.txt
1,S44-VFb-260.txt
1,S44-VFb-261.txt
1,S44-VFb-262.txt
1,S44-VFb-263.txt
1,S44-VFb-264.txt
1,S44-VFb-265.txt
1,S44-VFb-266.txt
1,S44-VFb-267.txt
1,S44-VFb-268.txt
1,S44-VFb-269.txt
1,S44-VFb-270.txt
1,S44-VFb-271.txt
1,S44-VFb-272.txt
1,S44-VFb-273.txt
1,S44-VFb-274.txt
1,S44-VFb-275.txt
1,S44-VFb-276.txt
1,S44-VFb-277.txt
1,S44-VFb-278.txt
1,S44-VFb-279.txt
1,S44-VFb-280.txt
1,S44-VFb-281.txt
1,S44-VFb-282.txt
1,S44-VFb-283.txt
1,S44-VFb-284.txt
1,S44-VFb-285.txt
1,S44-VFb-286.txt
1,S44-VFb-287.txt
1,S44-VFb-288.txt
1,S44-VFb-289.txt
1,S44-VFb-290.txt
1,S44-VFb-291.txt
1,S44-VFb-292.txt
1,S44-VFb-293.txt
1,S44-VFb-294.txt
1,S44-VFb-295.txt
1,S44-VFb-296.txt
1,S44-VFb-297.txt
1,S44-VFb-298.txt
1,S44-VFb-299.txt
1,S44-VFb-300.txt
1,S44-VFb-301.txt
1,S44-VFb-302.txt
1,S44-VFb-303.txt
1,S44-VFb-304.txt
1,S44-VFb-305.txt
1,S44-VFb-306.txt
1,S44-VFb-307.txt
1,S44-VFb-308.txt
1,S44-VFb-309.txt
1,S44-VFb-310.txt
1,S44-VFb-311.txt
1,S44-VFb-312.txt
1,S44-VFb-313.txt
1,S44-VFb-314.txt
1,S44-VFb-315.txt
1,S44-VFb-316.txt
1,S44-VFb-317.txt
1,S44-VFb-318.txt
1,S44-VFb-319.txt
1,S44-VFb-320.txt
1,S44-VFb-321.txt
1,S44-VFb-322.txt
1,S44-VFb-323.txt
1,S44-VFb-324.txt
1,S44-VFb-325.txt
1,S44-VFb-326.txt
1,S44-VFb-327.txt
1,S44-VFb-328.txt
1,S44-VFb-329.txt
1,S44-VFb-330.txt
1,S44-VFb-331.txt
1,S44-VFb-332.txt
1,S44-VFb-333.txt
1,S44-VFb-334.txt
1,S44-VFb-335.txt
1,S44-VFb-336.txt
1,S44-VFb-337.txt
1,S44-VFb-338.txt
1,S44-VFb-339.txt
1,S44-VFb-340.txt
1,S44-VFb-341.txt
1,S44-VFb-342.txt
1,S44-VFb-343.txt
1,S44-VFb-344.txt
1,S44-VFb-345.txt
1,S44-VFb-346.txt
1,S44-VFb-347.txt
1,S44-VFb-348.txt
1,S35-VFb-237.txt
1,S35-VFb-238.txt
1,S35-VFb-239.txt
1,S35-VFb-240.txt
1,S35-VFb-241.txt
1,S35-VFb-242.txt
1,S35-VFb-243.txt
1,S35-VFb-244.txt
1,S35-VFb-245.txt
1,S35-VFb-246.txt
1,S35-VFb-247.txt
1,S35-VFb-248.txt
1,S35-VFb-249.txt
1,S35-VFb-250.txt
1,S35-VFb-251.txt
1,S35-VFb-252.txt
1,S35-VFb-253.txt
1,S35-VFb-254.txt
1,S35-VFb-255.txt
1,S35-VFb-256.txt
1,S35-VFb-257.txt
1,S35-VFb-258.txt
1,S35-VFb-259.txt
1,S35-VFb-260.txt
1,S35-VFb-261.txt
1,S35-VFb-262.txt
1,S35-VFb-263.txt
1,S35-VFb-264.txt
1,S35-VFb-265.txt
1,S35-VFb-266.txt
1,S35-VFb-267.txt
1,S35-VFb-268.txt
1,S35-VFb-269.txt
1,S35-VFb-270.txt
1,S35-VFb-271.txt
1,S35-VFb-272.txt
1,S35-VFb-273.txt
1,S35-VFb-274.txt
1,S35-VFb-275.txt
1,S35-VFb-276.txt
1,S35-VFb-277.txt
1,S35-VFb-278.txt
1,S35-VFb-279.txt
1,S35-VFb-280.txt
1,S35-VFb-281.txt
1,S35-VFb-282.txt
1,S35-VFb-283.txt
1,S35-VFb-284.txt
1,S35-VFb-285.txt
1,S35-VFb-286.txt
1,S35-VFb-287.txt
1,S35-VFb-288.txt
1,S35-VFb-289.txt
1,S35-VFb-290.txt
1,S35-VFb-291.txt
1,S35-VFb-292.txt
1,S35-VFb-293.txt
1,S35-VFb-294.txt
1,S35-VFb-295.txt
1,S35-VFb-296.txt
1,S35-VFb-297.txt
1,S35-VFb-298.txt
1,S35-VFb-299.txt
1,S35-VFb-300.txt
1,S35-VFb-301.txt
1,S35-VFb-302.txt
1,S35-VFb-303.txt
1,S35-VFb-304.txt
1,S35-VFb-305.txt
1,S35-VFb-306.txt
1,S35-VFb-307.txt
1,S35-VFb-308.txt
1,S35-VFb-309.txt
1,S35-VFb-310.txt
1,S35-VFb-311.txt
1,S35-VFb-312.txt
1,S35-VFb-313.txt
1,S35-VFb-314.txt
1,S35-VFb-315.txt
1,S35-VFb-316.txt
1,S35-VFb-317.txt
1,S35-VFb-318.txt
1,S35-VFb-319.txt
1,S35-VFb-320.txt
1,S35-VFb-321.txt
1,S35-VFb-322.txt
1,S35-VFb-323.txt
1,S35-VFb-324.txt
1,S35-VFb-325.txt
1,S35-VFb-326.txt
1,S35-VFb-327.txt
1,S35-VFb-328.txt
1,S35-VFb-329.txt
1,S35-VFb-330.txt
1,S35-VFb-331.txt
0,S86-SR-1.txt
0,S86-SR-2.txt
0,S86-SR-3.txt
0,S86-SR-4.txt
0,S86-SR-5.txt
0,S86-SR-6.txt
0,S86-SR-7.txt
0,S86-SR-8.txt
0,S86-SR-9.txt
0,S86-SR-10.txt
0,S86-SR-11.txt
0,S86-SR-12.txt
0,S86-SR-13.txt
0,S86-SR-14.txt
0,S86-SR-15.txt
0,S86-SR-16.txt
0,S86-SR-17.txt
0,S86-SR-18.txt
0,S86-SR-19.txt
0,S86-SR-20.txt
0,S86-SR-21.txt
0,S86-SR-22.txt
0,S86-SR-23.txt
0,S86-SR-24.txt
0,S86-SR-25.txt
0,S86-SR-26.txt
0,S86-SR-27.txt
0,S86-SR-28.txt
0,S86-SR-29.txt
0,S86-SR-30.txt
0,S86-SR-31.txt
0,S86-SR-32.txt
0,S86-SR-33.txt
0,S86-SR-34.txt
0,S86-SR-35.txt
0,S86-SR-36.txt
0,S86-SR-37.txt
0,S86-SR-38.txt
0,S86-SR-39.txt
0,S86-SR-40.txt
0,S86-SR-41.txt
0,S86-SR-42.txt
0,S86-SR-43.txt
0,S86-SR-44.txt
0,S86-SR-45.txt
0,S86-SR-46.txt
0,S86-SR-47.txt
0,S86-SR-48.txt
0,S86-SR-49.txt
0,S86-SR-50.txt
0,S86-SR-51.txt
0,S86-SR-52.txt
0,S86-SR-53.txt
0,S86-SR-54.txt
0,S86-SR-55.txt
0,S86-SR-56.txt
0,S86-SR-57.txt
0,S86-SR-58.txt
0,S86-SR-59.txt
0,S86-SR-60.txt
0,S86-SR-61.txt
0,S86-SR-62.txt
0,S86-SR-63.txt
0,S86-SR-64.txt
0,S86-SR-65.txt
0,S86-SR-66.txt
0,S86-SR-67.txt
0,S86-SR-68.txt
0,S86-SR-69.txt
0,S86-SR-70.txt
0,S86-SR-71.txt
0,S86-SR-72.txt
0,S86-SR-73.txt
0,S86-SR-74.txt
0,S86-SR-75.txt
0,S86-SR-76.txt
0,S86-SR-77.txt
0,S86-SR-78.txt
0,S86-SR-79.txt
0,S86-SR-80.txt
0,S86-SR-81.txt
0,S86-SR-82.txt
0,S86-SR-83.txt
0,S86-SR-84.txt
0,S86-SR-85.txt
0,S86-SR-86.txt
0,S86-SR-87.txt
0,S86-SR-88.txt
0,S86-SR-89.txt
0,S86-SR-90.txt
0,S86-SR-91.txt
0,S86-SR-92.txt
0,S86-SR-93.txt
0,S86-SR-94.txt
0,S86-SR-95.txt
0,S20-SR-1.txt
0,S20-SR-2.txt
0,S20-SR-3.txt
0,S20-SR-4.txt
0,S20-SR-5.txt
0,S20-SR-6.txt
0,S20-SR-7.txt
0,S20-SR-8.txt
0,S20-SR-9.txt
0,S20-SR-10.txt
0,S20-SR-11.txt
0,S20-SR-12.txt
0,S20-SR-13.txt
0,S20-SR-14.txt
0,S20-SR-15.txt
0,S20-SR-16.txt
0,S20-SR-17.txt
0,S20-SR-18.txt
0,S20-SR-19.txt
0,S20-SR-20.txt
0,S20-SR-21.txt
0,S20-SR-22.txt
0,S20-SR-23.txt
0,S20-SR-24.txt
0,S20-SR-25.txt
0,S20-SR-26.txt
0,S20-SR-27.txt
0,S20-SR-28.txt
0,S20-SR-29.txt
0,S20-SR-30.txt
0,S20-SR-31.txt
0,S20-SR-32.txt
0,S20-SR-33.txt
0,S20-SR-34.txt
0,S20-SR-35.txt
0,S20-SR-36.txt
0,S20-SR-37.txt
0,S20-SR-38.txt
0,S20-SR-39.txt
0,S20-SR-40.txt
0,S20-SR-41.txt
0,S20-SR-42.txt
0,S20-SR-43.txt
0,S20-SR-44.txt
0,S20-SR-45.txt
0,S20-SR-46.txt
0,S20-SR-47.txt
0,S20-SR-48.txt
0,S20-SR-49.txt
0,S20-SR-50.txt
0,S20-SR-51.txt
0,S20-SR-52.txt
0,S20-SR-53.txt
0,S20-SR-54.txt
0,S20-SR-55.txt
0,S20-SR-56.txt
0,S20-SR-57.txt
0,S20-SR-58.txt
0,S20-SR-59.txt
0,S20-SR-60.txt
0,S20-SR-61.txt
0,S20-SR-62.txt
0,S20-SR-63.txt
0,S20-SR-64.txt
0,S20-SR-65.txt
0,S20-SR-66.txt
0,S20-SR-67.txt
0,S20-SR-68.txt
0,S20-SR-69.txt
0,S20-SR-70.txt
0,S20-SR-71.txt
0,S20-SR-72.txt
0,S20-SR-73.txt
0,S20-SR-74.txt
0,S20-SR-75.txt
0,S20-SR-76.txt
0,S20-SR-77.txt
0,S20-SR-78.txt
0,S20-SR-79.txt
0,S20-SR-80.txt
0,S20-SR-81.txt
0,S20-SR-82.txt
0,S20-SR-83.txt
0,S20-SR-84.txt
0,S20-SR-85.txt
0,S20-SR-86.txt
0,S20-SR-87.txt
0,S20-SR-88.txt
0,S20-SR-89.txt
0,S20-SR-90.txt
0,S20-SR-91.txt
0,S20-SR-92.txt
0,S20-SR-93.txt
0,S20-SR-94.txt
0,S20-SR-95.txt
0,S79-VPD-1.txt
0,S79-VPD-2.txt
0,S79-VPD-3.txt
0,S79-VPD-4.txt
0,S79-VPD-5.txt
0,S79-VPD-6.txt
0,S79-VPD-7.txt
0,S79-VPD-8.txt
0,S79-VPD-9.txt
0,S79-VPD-10.txt
0,S79-VPD-11.txt
0,S79-VPD-12.txt
0,S79-VPD-13.txt
0,S79-VPD-14.txt
0,S79-VPD-15.txt
0,S79-VPD-16.txt
0,S79-VPD-17.txt
0,S79-VPD-18.txt
0,S79-VPD-19.txt
0,S79-VPD-20.txt
0,S79-VPD-21.txt
0,S79-VPD-22.txt
0,S79-VPD-23.txt
0,S79-VPD-24.txt
0,S79-VPD-25.txt
0,S79-VPD-26.txt
0,S79-VPD-27.txt
0,S79-VPD-28.txt
0,S79-VPD-29.txt
0,S79-VPD-30.txt
0,S79-VPD-31.txt
0,S79-VPD-32.txt
0,S79-VPD-33.txt
0,S79-VPD-34.txt
0,S79-VPD-35.txt
0,S79-VPD-36.txt
0,S79-VPD-37.txt
0,S79-VPD-38.txt
0,S79-VPD-39.txt
0,S79-VPD-40.txt
0,S79-VPD-41.txt
0,S79-VPD-42.txt
0,S79-VPD-43.txt
0,S79-VPD-44.txt
0,S79-VPD-45.txt
0,S79-VPD-46.txt
0,S79-VPD-47.txt
0,S79-VPD-48.txt
0,S79-VPD-49.txt
0,S79-VPD-50.txt
0,S79-VPD-51.txt
0,S79-VPD-52.txt
0,S79-VPD-53.txt
0,S79-VPD-54.txt
0,S79-VPD-55.txt
0,S79-VPD-56.txt
0,S79-VPD-57.txt
0,S79-VPD-58.txt
0,S79-VPD-59.txt
0,S79-VPD-60.txt
0,S79-VPD-61.txt
0,S79-VPD-62.txt
0,S79-VPD-63.txt
0,S79-VPD-64.txt
0,S79-VPD-65.txt
0,S79-VPD-66.txt
0,S79-VPD-67.txt
0,S79-VPD-68.txt
0,S79-VPD-69.txt
0,S79-VPD-70.txt
0,S79-VPD-71.txt
0,S79-VPD-72.txt
0,S79-VPD-73.txt
0,S79-VPD-74.txt
0,S79-VPD-75.txt
0,S79-VPD-76.txt
0,S79-VPD-77.txt
0,S79-VPD-78.txt
0,S79-VPD-79.txt
0,S79-VPD-80.txt
0,S79-VPD-81.txt
0,S79-VPD-82.txt
0,S79-VPD-83.txt
0,S79-VPD-84.txt
0,S79-VPD-85.txt
0,S79-VPD-86.txt
0,S79-VPD-87.txt
0,S79-VPD-88.txt
0,S79-VPD-89.txt
0,S79-VPD-90.txt
0,S79-VPD-91.txt
0,S79-VPD-92.txt
0,S79-VPD-93.txt
0,S79-VPD-94.txt
0,S79-VPD-95.txt
0,S81-VPD-1.txt
0,S81-VPD-2.txt
0,S81-VPD-3.txt
0,S81-VPD-4.txt
0,S81-VPD-5.txt
0,S81-VPD-6.txt
0,S81-VPD-7.txt
0,S81-VPD-8.txt
0,S81-VPD-9.txt
0,S81-VPD-10.txt
0,S81-VPD-11.txt
0,S81-VPD-12.txt
0,S81-VPD-13.txt
0,S81-VPD-14.txt
0,S81-VPD-15.txt
0,S81-VPD-16.txt
0,S81-VPD-17.txt
0,S81-VPD-18.txt
0,S81-VPD-19.txt
0,S81-VPD-20.txt
0,S81-VPD-21.txt
0,S81-VPD-22.txt
0,S81-VPD-23.txt
0,S81-VPD-24.txt
0,S81-VPD-25.txt
0,S81-VPD-26.txt
0,S81-VPD-27.txt
0,S81-VPD-28.txt
0,S81-VPD-29.txt
0,S81-VPD-30.txt
0,S81-VPD-31.txt
0,S81-VPD-32.txt
0,S81-VPD-33.txt
0,S81-VPD-34.txt
0,S81-VPD-35.txt
0,S81-VPD-36.txt
0,S81-VPD-37.txt
0,S81-VPD-38.txt
0,S81-VPD-39.txt
0,S81-VPD-40.txt
0,S81-VPD-41.txt
0,S81-VPD-42.txt
0,S81-VPD-43.txt
0,S81-VPD-44.txt
0,S81-VPD-45.txt
0,S81-VPD-46.txt
0,S81-VPD-47.txt
0,S81-VPD-48.txt
0,S81-VPD-49.txt
0,S81-VPD-50.txt
0,S81-VPD-51.txt
0,S81-VPD-52.txt
0,S81-VPD-53.txt
0,S81-VPD-54.txt
0,S81-VPD-55.txt
0,S81-VPD-56.txt
0,S81-VPD-57.txt
0,S81-VPD-58.txt
0,S81-VPD-59.txt
0,S81-VPD-60.txt
0,S81-VPD-61.txt
0,S81-VPD-62.txt
0,S81-VPD-63.txt
0,S81-VPD-64.txt
0,S81-VPD-65.txt
0,S81-VPD-66.txt
0,S81-VPD-67.txt
0,S81-VPD-68.txt
0,S81-VPD-69.txt
0,S81-VPD-70.txt
0,S81-VPD-71.txt
0,S81-VPD-72.txt
0,S81-VPD-73.txt
0,S81-VPD-74.txt
0,S81-VPD-75.txt
0,S81-VPD-76.txt
0,S81-VPD-77.txt
0,S81-VPD-78.txt
0,S81-VPD-79.txt
0,S81-VPD-80.txt
0,S81-VPD-81.txt
0,S81-VPD-82.txt
0,S81-VPD-83.txt
0,S81-VPD-84.txt
0,S81-VPD-85.txt
0,S81-VPD-86.txt
0,S81-VPD-87.txt
0,S81-VPD-88.txt
0,S81-VPD-89.txt
0,S81-VPD-90.txt
0,S81-VPD-91.txt
0,S81-VPD-92.txt
0,S81-VPD-93.txt
0,S81-VPD-94.txt
0,S81-VPD-95.txt
1,S04-VFt-4.txt
1,S04-VFt-5.txt
1,S04-VFt-6.txt
1,S04-VFt-7.txt
1,S04-VFt-8.txt
1,S04-VFt-9.txt
1,S04-VFt-10.txt
1,S04-VFt-11.txt
1,S04-VFt-12.txt
1,S04-VFt-13.txt
1,S04-VFt-14.txt
1,S04-VFt-15.txt
1,S04-VFt-16.txt
1,S04-VFt-17.txt
1,S04-VFt-18.txt
1,S04-VFt-19.txt
1,S04-VFt-20.txt
1,S04-VFt-21.txt
1,S04-VFt-22.txt
1,S04-VFt-23.txt
1,S04-VFt-24.txt
1,S04-VFt-25.txt
1,S04-VFt-26.txt
1,S04-VFt-27.txt
1,S04-VFt-28.txt
1,S04-VFt-29.txt
1,S04-VFt-30.txt
1,S04-VFt-31.txt
1,S04-VFt-32.txt
1,S04-VFt-33.txt
1,S04-VFt-34.txt
1,S04-VFt-35.txt
1,S04-VFt-36.txt
1,S04-VFt-37.txt
1,S04-VFt-38.txt
1,S04-VFt-39.txt
1,S04-VFt-40.txt
1,S04-VFt-41.txt
1,S04-VFt-42.txt
1,S04-VFt-43.txt
1,S04-VFt-44.txt
1,S04-VFt-45.txt
1,S04-VFt-46.txt
1,S04-VFt-47.txt
1,S04-VFt-48.txt
1,S04-VFt-49.txt
1,S04-VFt-50.txt
1,S04-VFt-51.txt
1,S04-VFt-52.txt
1,S04-VFt-53.txt
1,S04-VFt-54.txt
1,S04-VFt-55.txt
1,S04-VFt-56.txt
1,S04-VFt-57.txt
1,S04-VFt-58.txt
1,S04-VFt-59.txt
1,S04-VFt-60.txt
1,S04-VFt-61.txt
1,S04-VFt-62.txt
1,S04-VFt-63.txt
1,S04-VFt-64.txt
1,S04-VFt-65.txt
1,S04-VFt-66.txt
1,S04-VFt-67.txt
1,S04-VFt-68.txt
1,S04-VFt-69.txt
1,S04-VFt-70.txt
1,S04-VFt-71.txt
1,S04-VFt-72.txt
1,S04-VFt-73.txt
1,S04-VFt-74.txt
1,S04-VFt-75.txt
1,S04-VFt-76.txt
1,S04-VFt-77.txt
1,S04-VFt-78.txt
1,S04-VFt-79.txt
1,S04-VFt-80.txt
1,S04-VFt-81.txt
1,S04-VFt-82.txt
1,S04-VFt-83.txt
1,S04-VFt-84.txt
1,S04-VFt-85.txt
1,S04-VFt-86.txt
1,S04-VFt-87.txt
1,S04-VFt-88.txt
1,S04-VFt-89.txt
1,S04-VFt-90.txt
1,S04-VFt-91.txt
1,S04-VFt-92.txt
1,S04-VFt-93.txt
1,S04-VFt-94.txt
1,S04-VFt-95.txt
1,S04-VFt-96.txt
1,S04-VFt-97.txt
1,S04-VFt-98.txt
1,S70-VFt-110.txt
1,S70-VFt-111.txt
1,S70-VFt-112.txt
1,S70-VFt-113.txt
1,S70-VFt-114.txt
1,S70-VFt-115.txt
1,S70-VFt-116.txt
1,S70-VFt-117.txt
1,S70-VFt-118.txt
1,S70-VFt-119.txt
1,S70-VFt-120.txt
1,S70-VFt-121.txt
1,S70-VFt-122.txt
1,S70-VFt-123.txt
1,S70-VFt-124.txt
1,S70-VFt-125.txt
1,S70-VFt-126.txt
1,S70-VFt-127.txt
1,S70-VFt-128.txt
1,S70-VFt-129.txt
1,S70-VFt-130.txt
1,S70-VFt-131.txt
1,S70-VFt-132.txt
1,S70-VFt-133.txt
1,S70-VFt-134.txt
1,S70-VFt-135.txt
1,S70-VFt-136.txt
1,S70-VFt-137.txt
1,S70-VFt-138.txt
1,S70-VFt-139.txt
1,S70-VFt-140.txt
1,S70-VFt-141.txt
1,S70-VFt-142.txt
1,S70-VFt-143.txt
1,S70-VFt-144.txt
1,S70-VFt-145.txt
1,S70-VFt-146.txt
1,S70-VFt-147.txt
1,S70-VFt-148.txt
1,S70-VFt-149.txt
1,S70-VFt-150.txt
1,S70-VFt-151.txt
1,S70-VFt-152.txt
1,S70-VFt-153.txt
1,S70-VFt-154.txt
1,S70-VFt-155.txt
1,S70-VFt-156.txt
1,S70-VFt-157.txt
1,S70-VFt-158.txt
1,S70-VFt-159.txt
1,S70-VFt-160.txt
1,S70-VFt-161.txt
1,S70-VFt-162.txt
1,S70-VFt-163.txt
1,S70-VFt-164.txt
1,S70-VFt-165.txt
1,S70-VFt-166.txt
1,S70-VFt-167.txt
1,S70-VFt-168.txt
1,S70-VFt-169.txt
1,S70-VFt-170.txt
1,S70-VFt-171.txt
1,S70-VFt-172.txt
1,S70-VFt-173.txt
1,S70-VFt-174.txt
1,S70-VFt-175.txt
1,S70-VFt-176.txt
1,S70-VFt-177.txt
1,S70-VFt-178.txt
1,S70-VFt-179.txt
1,S70-VFt-180.txt
1,S70-VFt-181.txt
1,S70-VFt-182.txt
1,S70-VFt-183.txt
1,S70-VFt-184.txt
1,S70-VFt-185.txt
1,S70-VFt-186.txt
1,S70-VFt-187.txt
1,S70-VFt-188.txt
1,S70-VFt-189.txt
1,S70-VFt-190.txt
1,S70-VFt-191.txt
1,S70-VFt-192.txt
1,S70-VFt-193.txt
1,S70-VFt-194.txt
1,S70-VFt-195.txt
1,S70-VFt-196.txt
1,S70-VFt-197.txt
1,S70-VFt-198.txt
1,S70-VFt-199.txt
1,S70-VFt-200.txt
1,S70-VFt-201.txt
1,S70-VFt-202.txt
1,S70-VFt-203.txt
1,S70-VFt-204.txt
0,S28-SVT-274.txt
0,S28-SVT-275.txt
0,S28-SVT-276.txt
0,S28-SVT-277.txt
0,S28-SVT-278.txt
0,S28-SVT-279.txt
0,S28-SVT-280.txt
0,S28-SVT-281.txt
0,S28-SVT-282.txt
0,S28-SVT-283.txt
0,S28-SVT-284.txt
0,S28-SVT-285.txt
0,S28-SVT-286.txt
0,S28-SVT-287.txt
0,S28-SVT-288.txt
0,S28-SVT-289.txt
0,S28-SVT-290.txt
0,S28-SVT-291.txt
0,S28-SVT-292.txt
0,S28-SVT-293.txt
0,S28-SVT-294.txt
0,S28-SVT-295.txt
0,S28-SVT-296.txt
0,S28-SVT-297.txt
0,S28-SVT-298.txt
0,S28-SVT-299.txt
0,S28-SVT-300.txt
0,S28-SVT-301.txt
0,S28-SVT-302.txt
0,S28-SVT-303.txt
0,S28-SVT-304.txt
0,S28-SVT-305.txt
0,S28-SVT-306.txt
0,S28-SVT-307.txt
0,S28-SVT-308.txt
0,S28-SVT-309.txt
0,S28-SVT-310.txt
0,S28-SVT-311.txt
0,S28-SVT-312.txt
0,S28-SVT-313.txt
0,S28-SVT-314.txt
0,S28-SVT-315.txt
0,S28-SVT-316.txt
0,S28-SVT-317.txt
0,S28-SVT-318.txt
0,S28-SVT-319.txt
0,S28-SVT-320.txt
0,S28-SVT-321.txt
0,S28-SVT-322.txt
0,S28-SVT-323.txt
0,S28-SVT-324.txt
0,S28-SVT-325.txt
0,S28-SVT-326.txt
0,S28-SVT-327.txt
0,S28-SVT-328.txt
0,S28-SVT-329.txt
0,S28-SVT-330.txt
0,S28-SVT-331.txt
0,S28-SVT-332.txt
0,S28-SVT-333.txt
0,S28-SVT-334.txt
0,S28-SVT-335.txt
0,S28-SVT-336.txt
0,S28-SVT-337.txt
0,S28-SVT-338.txt
0,S28-SVT-339.txt
0,S28-SVT-340.txt
0,S28-SVT-341.txt
0,S28-SVT-342.txt
0,S28-SVT-343.txt
0,S28-SVT-344.txt
0,S28-SVT-345.txt
0,S28-SVT-346.txt
0,S28-SVT-347.txt
0,S28-SVT-348.txt
0,S28-SVT-349.txt
0,S28-SVT-350.txt
0,S28-SVT-351.txt
0,S28-SVT-352.txt
0,S28-SVT-353.txt
0,S28-SVT-354.txt
0,S28-SVT-355.txt
0,S28-SVT-356.txt
0,S28-SVT-357.txt
0,S28-SVT-358.txt
0,S28-SVT-359.txt
0,S28-SVT-360.txt
0,S28-SVT-361.txt
0,S28-SVT-362.txt
0,S28-SVT-363.txt
0,S28-SVT-364.txt
0,S28-SVT-365.txt
0,S28-SVT-366.txt
0,S28-SVT-367.txt
0,S28-SVT-368.txt
0,S56-SVT-63.txt
0,S56-SVT-64.txt
0,S56-SVT-65.txt
0,S56-SVT-66.txt
0,S56-SVT-67.txt
0,S56-SVT-68.txt
0,S56-SVT-69.txt
0,S56-SVT-70.txt
0,S56-SVT-71.txt
0,S56-SVT-72.txt
0,S56-SVT-73.txt
0,S56-SVT-74.txt
0,S56-SVT-75.txt
0,S56-SVT-76.txt
0,S56-SVT-77.txt
0,S56-SVT-78.txt
0,S56-SVT-79.txt
0,S56-SVT-80.txt
0,S56-SVT-81.txt
0,S56-SVT-82.txt
0,S56-SVT-83.txt
0,S56-SVT-84.txt
0,S56-SVT-85.txt
0,S56-SVT-86.txt
0,S56-SVT-87.txt
0,S56-SVT-88.txt
0,S56-SVT-89.txt
0,S56-SVT-90.txt
0,S56-SVT-91.txt
0,S56-SVT-92.txt
0,S56-SVT-93.txt
0,S56-SVT-94.txt
0,S56-SVT-95.txt
0,S56-SVT-96.txt
0,S56-SVT-97.txt
0,S56-SVT-98.txt
0,S56-SVT-99.txt
0,S56-SVT-100.txt
0,S56-SVT-101.txt
0,S56-SVT-102.txt
0,S56-SVT-103.txt
0,S56-SVT-104.txt
0,S56-SVT-105.txt
0,S56-SVT-106.txt
0,S56-SVT-107.txt
0,S56-SVT-108.txt
0,S56-SVT-109.txt
0,S56-SVT-110.txt
0,S56-SVT-111.txt
0,S56-SVT-112.txt
0,S56-SVT-113.txt
0,S56-SVT-114.txt
0,S56-SVT-115.txt
0,S56-SVT-116.txt
0,S56-SVT-117.txt
0,S56-SVT-118.txt
0,S56-SVT-119.txt
0,S56-SVT-120.txt
0,S56-SVT-121.txt
0,S56-SVT-122.txt
0,S56-SVT-123.txt
0,S56-SVT-124.txt
0,S56-SVT-125.txt
0,S56-SVT-126.txt
0,S56-SVT-127.txt
0,S56-SVT-128.txt
0,S56-SVT-129.txt
0,S56-SVT-130.txt
0,S56-SVT-131.txt
0,S56-SVT-132.txt
0,S56-SVT-133.txt
0,S56-SVT-134.txt
0,S56-SVT-135.txt
0,S56-SVT-136.txt
0,S56-SVT-137.txt
0,S56-SVT-138.txt
0,S56-SVT-139.txt
0,S56-SVT-140.txt
0,S56-SVT-141.txt
0,S56-SVT-142.txt
0,S56-SVT-143.txt
0,S56-SVT-144.txt
0,S56-SVT-145.txt
0,S56-SVT-146.txt
0,S56-SVT-147.txt
0,S56-SVT-148.txt
0,S56-SVT-149.txt
0,S56-SVT-150.txt
0,S56-SVT-151.txt
0,S56-SVT-152.txt
0,S56-SVT-153.txt
0,S56-SVT-154.txt
0,S56-SVT-155.txt
0,S56-SVT-156.txt
0,S56-SVT-157.txt
0,S91-AFt-120.txt
0,S91-AFt-121.txt
0,S91-AFt-122.txt
0,S91-AFt-123.txt
0,S91-AFt-124.txt
0,S91-AFt-125.txt
0,S91-AFt-126.txt
0,S91-AFt-127.txt
0,S91-AFt-128.txt
0,S91-AFt-129.txt
0,S91-AFt-130.txt
0,S91-AFt-131.txt
0,S91-AFt-132.txt
0,S91-AFt-133.txt
0,S91-AFt-134.txt
0,S91-AFt-135.txt
0,S91-AFt-136.txt
0,S91-AFt-137.txt
0,S91-AFt-138.txt
0,S91-AFt-139.txt
0,S91-AFt-140.txt
0,S91-AFt-141.txt
0,S91-AFt-142.txt
0,S91-AFt-143.txt
0,S91-AFt-144.txt
0,S91-AFt-145.txt
0,S91-AFt-146.txt
0,S91-AFt-147.txt
0,S91-AFt-148.txt
0,S91-AFt-149.txt
0,S91-AFt-150.txt
0,S91-AFt-151.txt
0,S91-AFt-152.txt
0,S91-AFt-153.txt
0,S91-AFt-154.txt
0,S91-AFt-155.txt
0,S91-AFt-156.txt
0,S91-AFt-157.txt
0,S91-AFt-158.txt
0,S91-AFt-159.txt
0,S91-AFt-160.txt
0,S91-AFt-161.txt
0,S91-AFt-162.txt
0,S91-AFt-163.txt
0,S91-AFt-164.txt
0,S91-AFt-165.txt
0,S91-AFt-166.txt
0,S91-AFt-167.txt
0,S91-AFt-168.txt
0,S91-AFt-169.txt
0,S91-AFt-170.txt
0,S91-AFt-171.txt
0,S91-AFt-172.txt
0,S91-AFt-173.txt
0,S91-AFt-174.txt
0,S91-AFt-175.txt
0,S91-AFt-176.txt
0,S91-AFt-177.txt
0,S91-AFt-178.txt
0,S91-AFt-179.txt
0,S91-AFt-180.txt
0,S91-AFt-181.txt
0,S91-AFt-182.txt
0,S91-AFt-183.txt
0,S91-AFt-184.txt
0,S91-AFt-185.txt
0,S91-AFt-186.txt
0,S91-AFt-187.txt
0,S91-AFt-188.txt
0,S91-AFt-189.txt
0,S91-AFt-190.txt
0,S91-AFt-191.txt
0,S91-AFt-192.txt
0,S91-AFt-193.txt
0,S91-AFt-194.txt
0,S91-AFt-195.txt
0,S91-AFt-196.txt
0,S91-AFt-197.txt
0,S91-AFt-198.txt
0,S91-AFt-199.txt
0,S91-AFt-200.txt
0,S91-AFt-201.txt
0,S91-AFt-202.txt
0,S91-AFt-203.txt
0,S91-AFt-204.txt
0,S91-AFt-205.txt
0,S91-AFt-206.txt
0,S91-AFt-207.txt
0,S91-AFt-208.txt
0,S91-AFt-209.txt
0,S91-AFt-210.txt
0,S91-AFt-211.txt
0,S91-AFt-212.txt
0,S91-AFt-213.txt
0,S91-AFt-214.txt
0,S06-AFt-1.txt
0,S06-AFt-2.txt
0,S06-AFt-3.txt
0,S06-AFt-4.txt
0,S06-AFt-5.txt
0,S06-AFt-6.txt
0,S06-AFt-7.txt
0,S06-AFt-8.txt
0,S06-AFt-9.txt
0,S06-AFt-10.txt
0,S06-AFt-11.txt
0,S06-AFt-12.txt
0,S06-AFt-13.txt
0,S06-AFt-14.txt
0,S06-AFt-15.txt
0,S06-AFt-16.txt
0,S06-AFt-17.txt
0,S06-AFt-18.txt
0,S06-AFt-19.txt
0,S06-AFt-20.txt
0,S06-AFt-21.txt
0,S06-AFt-22.txt
0,S06-AFt-23.txt
0,S06-AFt-24.txt
0,S06-AFt-25.txt
0,S06-AFt-26.txt
0,S06-AFt-27.txt
0,S06-AFt-28.txt
0,S06-AFt-29.txt
0,S06-AFt-30.txt
0,S06-AFt-31.txt
0,S06-AFt-32.txt
0,S06-AFt-33.txt
0,S06-AFt-34.txt
0,S06-AFt-35.txt
0,S06-AFt-36.txt
0,S06-AFt-37.txt
0,S06-AFt-38.txt
0,S06-AFt-39.txt
0,S06-AFt-40.txt
0,S06-AFt-41.txt
0,S06-AFt-42.txt
0,S06-AFt-43.txt
0,S06-AFt-44.txt
0,S06-AFt-45.txt
0,S06-AFt-46.txt
0,S06-AFt-47.txt
0,S06-AFt-48.txt
0,S06-AFt-49.txt
0,S06-AFt-50.txt
0,S06-AFt-51.txt
0,S06-AFt-52.txt
0,S06-AFt-53.txt
0,S06-AFt-54.txt
0,S06-AFt-55.txt
0,S06-AFt-56.txt
0,S06-AFt-57.txt
0,S06-AFt-58.txt
0,S06-AFt-59.txt
0,S06-AFt-60.txt
0,S06-AFt-61.txt
0,S06-AFt-62.txt
0,S06-AFt-63.txt
0,S06-AFt-64.txt
0,S06-AFt-65.txt
0,S06-AFt-66.txt
0,S06-AFt-67.txt
0,S06-AFt-68.txt
0,S06-AFt-69.txt
0,S06-AFt-70.txt
0,S06-AFt-71.txt
0,S06-AFt-72.txt
0,S06-AFt-73.txt
0,S06-AFt-74.txt
0,S06-AFt-75.txt
0,S06-AFt-76.txt
0,S06-AFt-77.txt
0,S06-AFt-78.txt
0,S06-AFt-79.txt
0,S06-AFt-80.txt
0,S06-AFt-81.txt
0,S06-AFt-82.txt
0,S06-AFt-83.txt
0,S06-AFt-84.txt
0,S06-AFt-85.txt
0,S06-AFt-86.txt
0,S06-AFt-87.txt
0,S06-AFt-88.txt
0,S06-AFt-89.txt
0,S06-AFt-90.txt
0,S06-AFt-91.txt
0,S06-AFt-92.txt
0,S06-AFt-93.txt
0,S06-AFt-94.txt
0,S06-AFt-95.txt
1,S26-VT-669.txt
1,S26-VT-670.txt
1,S26-VT-671.txt
1,S26-VT-672.txt
1,S26-VT-673.txt
1,S26-VT-674.txt
1,S26-VT-675.txt
1,S26-VT-676.txt
1,S26-VT-677.txt
1,S26-VT-678.txt
1,S26-VT-679.txt
1,S26-VT-680.txt
1,S26-VT-681.txt
1,S26-VT-682.txt
1,S26-VT-683.txt
1,S26-VT-684.txt
1,S26-VT-685.txt
1,S26-VT-686.txt
1,S26-VT-687.txt
1,S26-VT-688.txt
1,S26-VT-689.txt
1,S26-VT-690.txt
1,S26-VT-691.txt
1,S26-VT-692.txt
1,S26-VT-693.txt
1,S26-VT-694.txt
1,S26-VT-695.txt
1,S26-VT-696.txt
1,S26-VT-697.txt
1,S26-VT-698.txt
1,S26-VT-699.txt
1,S26-VT-700.txt
1,S26-VT-701.txt
1,S26-VT-702.txt
1,S26-VT-703.txt
1,S26-VT-704.txt
1,S26-VT-705.txt
1,S26-VT-706.txt
1,S26-VT-707.txt
1,S26-VT-708.txt
1,S26-VT-709.txt
1,S26-VT-710.txt
1,S26-VT-711.txt
1,S26-VT-712.txt
1,S26-VT-713.txt
1,S26-VT-714.txt
1,S26-VT-715.txt
1,S26-VT-716.txt
1,S26-VT-717.txt
1,S26-VT-718.txt
1,S26-VT-719.txt
1,S26-VT-720.txt
1,S26-VT-721.txt
1,S26-VT-722.txt
1,S26-VT-723.txt
1,S26-VT-724.txt
1,S26-VT-725.txt
1,S26-VT-726.txt
1,S26-VT-727.txt
1,S26-VT-728.txt
1,S26-VT-729.txt
1,S26-VT-730.txt
1,S26-VT-731.txt
1,S26-VT-732.txt
1,S26-VT-733.txt
1,S26-VT-734.txt
1,S26-VT-735.txt
1,S26-VT-736.txt
1,S26-VT-737.txt
1,S26-VT-738.txt
1,S26-VT-739.txt
1,S26-VT-740.txt
1,S26-VT-741.txt
1,S26-VT-742.txt
1,S26-VT-743.txt
1,S26-VT-744.txt
1,S26-VT-745.txt
1,S26-VT-746.txt
1,S26-VT-747.txt
1,S26-VT-748.txt
1,S26-VT-749.txt
1,S26-VT-750.txt
1,S26-VT-751.txt
1,S26-VT-752.txt
1,S26-VT-753.txt
1,S26-VT-754.txt
1,S26-VT-755.txt
1,S26-VT-756.txt
1,S26-VT-757.txt
1,S26-VT-758.txt
1,S26-VT-759.txt
1,S26-VT-760.txt
1,S26-VT-761.txt
1,S26-VT-762.txt
1,S26-VT-763.txt
1,S15-VT-179.txt
1,S15-VT-180.txt
1,S15-VT-181.txt
1,S15-VT-182.txt
1,S15-VT-183.txt
1,S15-VT-184.txt
1,S15-VT-185.txt
1,S15-VT-186.txt
1,S15-VT-187.txt
1,S15-VT-188.txt
1,S15-VT-189.txt
1,S15-VT-190.txt
1,S15-VT-191.txt
1,S15-VT-192.txt
1,S15-VT-193.txt
1,S15-VT-194.txt
1,S15-VT-195.txt
1,S15-VT-196.txt
1,S15-VT-197.txt
1,S15-VT-198.txt
1,S15-VT-199.txt
1,S15-VT-200.txt
1,S15-VT-201.txt
1,S15-VT-202.txt
1,S15-VT-203.txt
1,S15-VT-204.txt
1,S15-VT-205.txt
1,S15-VT-206.txt
1,S15-VT-207.txt
1,S15-VT-208.txt
1,S15-VT-209.txt
1,S15-VT-210.txt
1,S15-VT-211.txt
1,S15-VT-212.txt
1,S15-VT-213.txt
1,S15-VT-214.txt
1,S15-VT-215.txt
1,S15-VT-216.txt
1,S15-VT-217.txt
1,S15-VT-218.txt
1,S15-VT-219.txt
1,S15-VT-220.txt
1,S15-VT-221.txt
1,S15-VT-222.txt
1,S15-VT-223.txt
1,S15-VT-224.txt
1,S15-VT-225.txt
1,S15-VT-226.txt
1,S15-VT-227.txt
1,S15-VT-228.txt
1,S15-VT-229.txt
1,S15-VT-230.txt
1,S15-VT-231.txt
1,S15-VT-232.txt
1,S15-VT-233.txt
1,S15-VT-234.txt
1,S15-VT-235.txt
1,S15-VT-236.txt
1,S15-VT-237.txt
1,S15-VT-238.txt
1,S15-VT-239.txt
1,S15-VT-240.txt
1,S15-VT-241.txt
1,S15-VT-242.txt
1,S15-VT-243.txt
1,S15-VT-244.txt
1,S15-VT-245.txt
1,S15-VT-246.txt
1,S15-VT-247.txt
1,S15-VT-248.txt
1,S15-VT-249.txt
1,S15-VT-250.txt
1,S15-VT-251.txt
1,S15-VT-252.txt
1,S15-VT-253.txt
1,S15-VT-254.txt
1,S15-VT-255.txt
1,S15-VT-256.txt
1,S15-VT-257.txt
1,S15-VT-258.txt
1,S15-VT-259.txt
1,S15-VT-260.txt
1,S15-VT-261.txt
1,S15-VT-262.txt
1,S15-VT-263.txt
1,S15-VT-264.txt
1,S15-VT-265.txt
1,S15-VT-266.txt
1,S15-VT-267.txt
1,S15-VT-268.txt
1,S15-VT-302.txt
1,S15-VT-303.txt
1,S15-VT-304.txt
1,S15-VT-305.txt
1,S15-VT-306.txt
0,S90-AFb-187.txt
0,S90-AFb-188.txt
0,S90-AFb-189.txt
0,S90-AFb-190.txt
0,S90-AFb-191.txt
0,S90-AFb-192.txt
0,S90-AFb-193.txt
0,S90-AFb-194.txt
0,S90-AFb-195.txt
0,S90-AFb-196.txt
0,S90-AFb-197.txt
0,S90-AFb-198.txt
0,S90-AFb-199.txt
0,S90-AFb-200.txt
0,S90-AFb-201.txt
0,S90-AFb-202.txt
0,S90-AFb-203.txt
0,S90-AFb-204.txt
0,S90-AFb-205.txt
0,S90-AFb-206.txt
0,S90-AFb-207.txt
0,S90-AFb-208.txt
0,S90-AFb-209.txt
0,S90-AFb-210.txt
0,S90-AFb-211.txt
0,S90-AFb-212.txt
0,S90-AFb-213.txt
0,S90-AFb-214.txt
0,S90-AFb-215.txt
0,S90-AFb-216.txt
0,S90-AFb-217.txt
0,S90-AFb-218.txt
0,S90-AFb-219.txt
0,S90-AFb-220.txt
0,S90-AFb-221.txt
0,S90-AFb-222.txt
0,S90-AFb-223.txt
0,S90-AFb-224.txt
0,S90-AFb-225.txt
0,S90-AFb-226.txt
0,S90-AFb-227.txt
0,S90-AFb-228.txt
0,S90-AFb-229.txt
0,S90-AFb-230.txt
0,S90-AFb-231.txt
0,S90-AFb-232.txt
0,S90-AFb-233.txt
0,S90-AFb-234.txt
0,S90-AFb-235.txt
0,S90-AFb-236.txt
0,S90-AFb-237.txt
0,S90-AFb-238.txt
0,S90-AFb-239.txt
0,S90-AFb-240.txt
0,S90-AFb-241.txt
0,S90-AFb-242.txt
0,S90-AFb-243.txt
0,S90-AFb-244.txt
0,S90-AFb-245.txt
0,S90-AFb-246.txt
0,S90-AFb-247.txt
0,S90-AFb-248.txt
0,S90-AFb-249.txt
0,S90-AFb-250.txt
0,S90-AFb-251.txt
0,S90-AFb-252.txt
0,S90-AFb-253.txt
0,S90-AFb-254.txt
0,S90-AFb-255.txt
0,S90-AFb-256.txt
0,S90-AFb-257.txt
0,S90-AFb-258.txt
0,S90-AFb-259.txt
0,S90-AFb-260.txt
0,S90-AFb-261.txt
0,S90-AFb-262.txt
0,S90-AFb-263.txt
0,S90-AFb-264.txt
0,S90-AFb-265.txt
0,S90-AFb-266.txt
0,S90-AFb-267.txt
0,S90-AFb-268.txt
0,S90-AFb-269.txt
0,S90-AFb-270.txt
0,S90-AFb-271.txt
0,S90-AFb-272.txt
0,S90-AFb-273.txt
0,S90-AFb-274.txt
0,S90-AFb-275.txt
0,S90-AFb-276.txt
0,S90-AFb-277.txt
0,S90-AFb-278.txt
0,S90-AFb-279.txt
0,S90-AFb-280.txt
0,S90-AFb-281.txt
0,S95-AFb-1.txt
0,S95-AFb-2.txt
0,S95-AFb-3.txt
0,S95-AFb-4.txt
0,S95-AFb-5.txt
0,S95-AFb-6.txt
0,S95-AFb-7.txt
0,S95-AFb-8.txt
0,S95-AFb-9.txt
0,S95-AFb-10.txt
0,S95-AFb-11.txt
0,S95-AFb-12.txt
0,S95-AFb-13.txt
0,S95-AFb-14.txt
0,S95-AFb-15.txt
0,S95-AFb-16.txt
0,S95-AFb-17.txt
0,S95-AFb-18.txt
0,S95-AFb-19.txt
0,S95-AFb-20.txt
0,S95-AFb-21.txt
0,S95-AFb-22.txt
0,S95-AFb-23.txt
0,S95-AFb-24.txt
0,S95-AFb-25.txt
0,S95-AFb-26.txt
0,S95-AFb-27.txt
0,S95-AFb-28.txt
0,S95-AFb-29.txt
0,S95-AFb-30.txt
0,S95-AFb-31.txt
0,S95-AFb-32.txt
0,S95-AFb-33.txt
0,S95-AFb-34.txt
0,S95-AFb-35.txt
0,S95-AFb-36.txt
0,S95-AFb-37.txt
0,S95-AFb-38.txt
0,S95-AFb-39.txt
0,S95-AFb-40.txt
0,S95-AFb-41.txt
0,S95-AFb-42.txt
0,S95-AFb-43.txt
0,S95-AFb-44.txt
0,S95-AFb-45.txt
0,S95-AFb-46.txt
0,S95-AFb-47.txt
0,S95-AFb-48.txt
0,S95-AFb-49.txt
0,S95-AFb-50.txt
0,S95-AFb-51.txt
0,S95-AFb-52.txt
0,S95-AFb-53.txt
0,S95-AFb-54.txt
0,S95-AFb-55.txt
0,S95-AFb-56.txt
0,S95-AFb-57.txt
0,S95-AFb-58.txt
0,S95-AFb-59.txt
0,S95-AFb-60.txt
0,S95-AFb-61.txt
0,S95-AFb-62.txt
0,S95-AFb-63.txt
0,S95-AFb-64.txt
0,S95-AFb-65.txt
0,S95-AFb-66.txt
0,S95-AFb-67.txt
0,S95-AFb-68.txt
0,S95-AFb-69.txt
0,S95-AFb-70.txt
0,S95-AFb-140.txt
0,S95-AFb-141.txt
0,S95-AFb-142.txt
0,S95-AFb-143.txt
0,S95-AFb-144.txt
0,S95-AFb-145.txt
0,S95-AFb-146.txt
0,S95-AFb-147.txt
0,S95-AFb-148.txt
0,S95-AFb-149.txt
0,S95-AFb-150.txt
0,S95-AFb-151.txt
0,S95-AFb-152.txt
0,S95-AFb-153.txt
0,S95-AFb-154.txt
0,S95-AFb-155.txt
0,S95-AFb-156.txt
0,S95-AFb-157.txt
0,S95-AFb-158.txt
0,S95-AFb-159.txt
0,S95-AFb-160.txt
0,S95-AFb-161.txt
0,S95-AFb-162.txt
0,S95-AFb-163.txt
0,S95-AFb-164.txt
